{
    "containers": {
        "24corning": {
            "locations": {
                "B4": {
                    "total-liquid-volume": 0,
                    "x": 19.304,
                    "z": 0,
                    "depth": 18,
                    "y": 57.91199999999999,
                    "diameter": 16.26
                },
                "A4": {
                    "total-liquid-volume": 0,
                    "x": 0.0,
                    "z": 0,
                    "depth": 18,
                    "y": 57.91199999999999,
                    "diameter": 16.26
                },
                "B3": {
                    "total-liquid-volume": 0,
                    "x": 19.304,
                    "z": 0,
                    "depth": 18,
                    "y": 38.608,
                    "diameter": 16.26
                },
                "D3": {
                    "total-liquid-volume": 0,
                    "x": 57.91199999999999,
                    "z": 0,
                    "depth": 18,
                    "y": 38.608,
                    "diameter": 16.26
                },
                "D5": {
                    "total-liquid-volume": 0,
                    "x": 57.91199999999999,
                    "z": 0,
                    "depth": 18,
                    "y": 77.216,
                    "diameter": 16.26
                },
                "D4": {
                    "total-liquid-volume": 0,
                    "x": 57.91199999999999,
                    "z": 0,
                    "depth": 18,
                    "y": 57.91199999999999,
                    "diameter": 16.26
                },
                "C1": {
                    "total-liquid-volume": 0,
                    "x": 38.608,
                    "z": 0,
                    "depth": 18,
                    "y": 0.0,
                    "diameter": 16.26
                },
                "D6": {
                    "total-liquid-volume": 0,
                    "x": 57.91199999999999,
                    "z": 0,
                    "depth": 18,
                    "y": 96.52,
                    "diameter": 16.26
                },
                "B5": {
                    "total-liquid-volume": 0,
                    "x": 19.304,
                    "z": 0,
                    "depth": 18,
                    "y": 77.216,
                    "diameter": 16.26
                },
                "B2": {
                    "total-liquid-volume": 0,
                    "x": 19.304,
                    "z": 0,
                    "depth": 18,
                    "y": 19.304,
                    "diameter": 16.26
                },
                "A5": {
                    "total-liquid-volume": 0,
                    "x": 0.0,
                    "z": 0,
                    "depth": 18,
                    "y": 77.216,
                    "diameter": 16.26
                },
                "B1": {
                    "total-liquid-volume": 0,
                    "x": 19.304,
                    "z": 0,
                    "depth": 18,
                    "y": 0.0,
                    "diameter": 16.26
                },
                "B6": {
                    "total-liquid-volume": 0,
                    "x": 19.304,
                    "z": 0,
                    "depth": 18,
                    "y": 96.52,
                    "diameter": 16.26
                },
                "C4": {
                    "total-liquid-volume": 0,
                    "x": 38.608,
                    "z": 0,
                    "depth": 18,
                    "y": 57.91199999999999,
                    "diameter": 16.26
                },
                "A2": {
                    "total-liquid-volume": 0,
                    "x": 0.0,
                    "z": 0,
                    "depth": 18,
                    "y": 19.304,
                    "diameter": 16.26
                },
                "C5": {
                    "total-liquid-volume": 0,
                    "x": 38.608,
                    "z": 0,
                    "depth": 18,
                    "y": 77.216,
                    "diameter": 16.26
                },
                "A1": {
                    "total-liquid-volume": 0,
                    "x": 0.0,
                    "z": 0,
                    "depth": 18,
                    "y": 0.0,
                    "diameter": 16.26
                },
                "D2": {
                    "total-liquid-volume": 0,
                    "x": 57.91199999999999,
                    "z": 0,
                    "depth": 18,
                    "y": 19.304,
                    "diameter": 16.26
                },
                "D1": {
                    "total-liquid-volume": 0,
                    "x": 57.91199999999999,
                    "z": 0,
                    "depth": 18,
                    "y": 0.0,
                    "diameter": 16.26
                },
                "C2": {
                    "total-liquid-volume": 0,
                    "x": 38.608,
                    "z": 0,
                    "depth": 18,
                    "y": 19.304,
                    "diameter": 16.26
                },
                "A3": {
                    "total-liquid-volume": 0,
                    "x": 0.0,
                    "z": 0,
                    "depth": 18,
                    "y": 38.608,
                    "diameter": 16.26
                },
                "C3": {
                    "total-liquid-volume": 0,
                    "x": 38.608,
                    "z": 0,
                    "depth": 18,
                    "y": 38.608,
                    "diameter": 16.26
                },
                "C6": {
                    "total-liquid-volume": 0,
                    "x": 38.608,
                    "z": 0,
                    "depth": 18,
                    "y": 96.52,
                    "diameter": 16.26
                },
                "A6": {
                    "total-liquid-volume": 0,
                    "x": 0.0,
                    "z": 0,
                    "depth": 18,
                    "y": 96.52,
                    "diameter": 16.26
                }
            }
        },
        "6corning": {
            "locations": {
                "A1": {
                    "total-liquid-volume": 0,
                    "x": 0.0,
                    "z": 0,
                    "depth": 11.27,
                    "y": 0.0,
                    "diameter": 34.8
                },
                "B1": {
                    "total-liquid-volume": 0,
                    "x": 39.12,
                    "z": 0,
                    "depth": 11.27,
                    "y": 0.0,
                    "diameter": 34.8
                },
                "A2": {
                    "total-liquid-volume": 0,
                    "x": 0.0,
                    "z": 0,
                    "depth": 11.27,
                    "y": 39.12,
                    "diameter": 34.8
                },
                "B2": {
                    "total-liquid-volume": 0,
                    "x": 39.12,
                    "z": 0,
                    "depth": 11.27,
                    "y": 39.12,
                    "diameter": 34.8
                },
                "A3": {
                    "total-liquid-volume": 0,
                    "x": 0.0,
                    "z": 0,
                    "depth": 11.27,
                    "y": 78.24,
                    "diameter": 34.8
                },
                "B3": {
                    "total-liquid-volume": 0,
                    "x": 39.12,
                    "z": 0,
                    "depth": 11.27,
                    "y": 78.24,
                    "diameter": 34.8
                }
            }
        }
    }
}